French,English
histoire,history
chercher,search
police,police
pensais,thought
aide,help
demande,request
mois,month
car,because
mettre,to put
aucun,no
laisse,leash
eux,them
ville,city
parlÃ©,speak
arrivÃ©,come
devrait,should
longtemps,long time
heures,hours
vont,will
pendant,while
aucune,any
place,square
parle,speak
compris,understood
savais,knew
Ã©taient,were
voici,here is
pourrais,could
affaire,case
donner,give
type,type
leurs,their
donnÃ©,given
train,train
corps,body
endroit,place
faÃ§on,way
Ã©coute,listen
dont,whose
trouve,find
premier,first
perdu,lost
main,hand
cÃ´tÃ©,side
pouvoir,power
vieux,old
sois,be
tiens,here
matin,morning
tellement,so much
enfant,child
point,point
venu,came
suite,after
pardon,sorry
devant,in front of
vers,towards
minutes,minutes
chambre,bedroom
mis,placed
belle,beautiful
aimerais,would like to
aujourd'hui,today
mari,husband
cause,cause
enfin,finally
espÃ¨re,hope
eau,water
parti,left
nouvelle,new
boulot,job
arrÃªter,Stop
dirait,would say
terre,Earth
compte,account
donne,given
loin,far
fin,end
croire,believe
chÃ©rie,sweetheart
gros,large
plutÃ´t,rather
bureau,office
